DATE,TIME,INT BOARD,RESULT,BOARD NO,REASON,SCORE,X,Y,SIDE,FIN BOARD,SCORE BOARD,POSITIONS VISTED,DEPTH,TIME ELAPSED,
30/08/2019,16:43:29,Minimax_SYSTST.GameBoard_SYSTST`1[Minimax_SYSTST.counters],FAIL,Board 8,Board combination missed,100,2,2,CROSSES,Minimax_SYSTST.GameBoard_SYSTST`1[Minimax_SYSTST.counters],Minimax_SYSTST.GameBoard_SYSTST`1[System.Int32],0,0,00:00:01.1472313,
DATE,TIME,INT BOARD,RESULT,BOARD NO,REASON,SCORE,X,Y,SIDE,FIN BOARD,SCORE BOARD,POSITIONS VISTED,DEPTH,TIME ELAPSED,
01/09/2019,21:52:48,Minimax_SYSTST.GameBoard_SYSTST`1[Minimax_SYSTST.counters],FAIL,Board 2,Board combination missed,1000,1,3,CROSSES,Minimax_SYSTST.GameBoard_SYSTST`1[Minimax_SYSTST.counters],Minimax_SYSTST.GameBoard_SYSTST`1[System.Int32],47,0,00:00:03.0925585,
DATE,TIME,INT BOARD,RESULT,BOARD NO,REASON,SCORE,X,Y,SIDE,FIN BOARD,SCORE BOARD,POSITIONS VISTED,DEPTH,TIME ELAPSED,
01/09/2019,21:52:50,Minimax_SYSTST.GameBoard_SYSTST`1[Minimax_SYSTST.counters],FAIL,Board 4,Board combination missed,1000,4,2,CROSSES,Minimax_SYSTST.GameBoard_SYSTST`1[Minimax_SYSTST.counters],Minimax_SYSTST.GameBoard_SYSTST`1[System.Int32],94,0,00:00:05.0362940,
DATE,TIME,INT BOARD,RESULT,BOARD NO,REASON,SCORE,X,Y,SIDE,FIN BOARD,SCORE BOARD,POSITIONS VISTED,DEPTH,TIME ELAPSED,
01/09/2019,21:52:52,Minimax_SYSTST.GameBoard_SYSTST`1[Minimax_SYSTST.counters],PASS,Board 6,Board combination missed,-1000,2,2,CROSSES,Minimax_SYSTST.GameBoard_SYSTST`1[Minimax_SYSTST.counters],Minimax_SYSTST.GameBoard_SYSTST`1[System.Int32],94,0,00:00:06.5607904,
DATE,TIME,INT BOARD,RESULT,BOARD NO,REASON,SCORE,X,Y,SIDE,FIN BOARD,SCORE BOARD,POSITIONS VISTED,DEPTH,TIME ELAPSED,
01/09/2019,21:52:52,Minimax_SYSTST.GameBoard_SYSTST`1[Minimax_SYSTST.counters],FAIL,Board 6,Board combination missed,125,1,1,NOUGHTS,Minimax_SYSTST.GameBoard_SYSTST`1[Minimax_SYSTST.counters],Minimax_SYSTST.GameBoard_SYSTST`1[System.Int32],138,0,00:00:00.3439178,
DATE,TIME,INT BOARD,RESULT,BOARD NO,REASON,SCORE,X,Y,SIDE,FIN BOARD,SCORE BOARD,POSITIONS VISTED,DEPTH,TIME ELAPSED,
01/09/2019,21:52:54,Minimax_SYSTST.GameBoard_SYSTST`1[Minimax_SYSTST.counters],FAIL,Board 14,Board combination missed,1000,4,4,CROSSES,Minimax_SYSTST.GameBoard_SYSTST`1[Minimax_SYSTST.counters],Minimax_SYSTST.GameBoard_SYSTST`1[System.Int32],182,0,00:00:08.4495659,
DATE,TIME,INT BOARD,RESULT,BOARD NO,REASON,SCORE,X,Y,SIDE,FIN BOARD,SCORE BOARD,POSITIONS VISTED,DEPTH,TIME ELAPSED,
01/09/2019,21:52:55,Minimax_SYSTST.GameBoard_SYSTST`1[Minimax_SYSTST.counters],FAIL,Board 16,Board combination missed,1000,2,5,CROSSES,Minimax_SYSTST.GameBoard_SYSTST`1[Minimax_SYSTST.counters],Minimax_SYSTST.GameBoard_SYSTST`1[System.Int32],228,0,00:00:08.7139501,
DATE,TIME,INT BOARD,RESULT,BOARD NO,REASON,SCORE,X,Y,SIDE,FIN BOARD,SCORE BOARD,POSITIONS VISTED,DEPTH,TIME ELAPSED,
01/09/2019,21:52:55,Minimax_SYSTST.GameBoard_SYSTST`1[Minimax_SYSTST.counters],FAIL,Board 17,Board combination missed,125,1,1,CROSSES,Minimax_SYSTST.GameBoard_SYSTST`1[Minimax_SYSTST.counters],Minimax_SYSTST.GameBoard_SYSTST`1[System.Int32],270,0,00:00:09.1016818,
DATE,TIME,INT BOARD,RESULT,BOARD NO,REASON,SCORE,X,Y,SIDE,FIN BOARD,SCORE BOARD,POSITIONS VISTED,DEPTH,TIME ELAPSED,
01/09/2019,21:52:55,Minimax_SYSTST.GameBoard_SYSTST`1[Minimax_SYSTST.counters],FAIL,Board 17,Board combination missed,125,1,1,NOUGHTS,Minimax_SYSTST.GameBoard_SYSTST`1[Minimax_SYSTST.counters],Minimax_SYSTST.GameBoard_SYSTST`1[System.Int32],312,0,00:00:00.6427845,
DATE,TIME,INT BOARD,RESULT,BOARD NO,REASON,SCORE,X,Y,SIDE,FIN BOARD,SCORE BOARD,POSITIONS VISTED,DEPTH,TIME ELAPSED,
01/09/2019,21:52:56,Minimax_SYSTST.GameBoard_SYSTST`1[Minimax_SYSTST.counters],FAIL,Board 17,Board combination missed,125,1,1,CROSSES,Minimax_SYSTST.GameBoard_SYSTST`1[Minimax_SYSTST.counters],Minimax_SYSTST.GameBoard_SYSTST`1[System.Int32],354,0,00:00:09.9882881,
DATE,TIME,INT BOARD,RESULT,BOARD NO,REASON,SCORE,X,Y,SIDE,FIN BOARD,SCORE BOARD,POSITIONS VISTED,DEPTH,TIME ELAPSED,
01/09/2019,21:52:56,Minimax_SYSTST.GameBoard_SYSTST`1[Minimax_SYSTST.counters],FAIL,Board 17,Board combination missed,125,1,1,NOUGHTS,Minimax_SYSTST.GameBoard_SYSTST`1[Minimax_SYSTST.counters],Minimax_SYSTST.GameBoard_SYSTST`1[System.Int32],396,0,00:00:00.8505508,
DATE,TIME,INT BOARD,RESULT,BOARD NO,REASON,SCORE,X,Y,SIDE,FIN BOARD,SCORE BOARD,POSITIONS VISTED,DEPTH,TIME ELAPSED,
01/09/2019,21:52:57,Minimax_SYSTST.GameBoard_SYSTST`1[Minimax_SYSTST.counters],FAIL,Board 17,Board combination missed,125,1,1,CROSSES,Minimax_SYSTST.GameBoard_SYSTST`1[Minimax_SYSTST.counters],Minimax_SYSTST.GameBoard_SYSTST`1[System.Int32],438,0,00:00:10.1470511,
DATE,TIME,INT BOARD,RESULT,BOARD NO,REASON,SCORE,X,Y,SIDE,FIN BOARD,SCORE BOARD,POSITIONS VISTED,DEPTH,TIME ELAPSED,
01/09/2019,21:52:57,Minimax_SYSTST.GameBoard_SYSTST`1[Minimax_SYSTST.counters],FAIL,Board 17,Board combination missed,125,1,1,NOUGHTS,Minimax_SYSTST.GameBoard_SYSTST`1[Minimax_SYSTST.counters],Minimax_SYSTST.GameBoard_SYSTST`1[System.Int32],480,0,00:00:01.1529526,
DATE,TIME,INT BOARD,RESULT,BOARD NO,REASON,SCORE,X,Y,SIDE,FIN BOARD,SCORE BOARD,POSITIONS VISTED,DEPTH,TIME ELAPSED,
01/09/2019,21:52:57,Minimax_SYSTST.GameBoard_SYSTST`1[Minimax_SYSTST.counters],FAIL,Board 17,Board combination missed,125,1,1,CROSSES,Minimax_SYSTST.GameBoard_SYSTST`1[Minimax_SYSTST.counters],Minimax_SYSTST.GameBoard_SYSTST`1[System.Int32],522,0,00:00:10.3945487,
DATE,TIME,INT BOARD,RESULT,BOARD NO,REASON,SCORE,X,Y,SIDE,FIN BOARD,SCORE BOARD,POSITIONS VISTED,DEPTH,TIME ELAPSED,
01/09/2019,21:52:58,Minimax_SYSTST.GameBoard_SYSTST`1[Minimax_SYSTST.counters],FAIL,Board 17,Board combination missed,125,1,1,NOUGHTS,Minimax_SYSTST.GameBoard_SYSTST`1[Minimax_SYSTST.counters],Minimax_SYSTST.GameBoard_SYSTST`1[System.Int32],564,0,00:00:01.6850582,
DATE,TIME,INT BOARD,RESULT,BOARD NO,REASON,SCORE,X,Y,SIDE,FIN BOARD,SCORE BOARD,POSITIONS VISTED,DEPTH,TIME ELAPSED,
01/09/2019,21:52:58,Minimax_SYSTST.GameBoard_SYSTST`1[Minimax_SYSTST.counters],FAIL,Board 17,Board combination missed,125,1,1,CROSSES,Minimax_SYSTST.GameBoard_SYSTST`1[Minimax_SYSTST.counters],Minimax_SYSTST.GameBoard_SYSTST`1[System.Int32],606,0,00:00:10.6429679,
DATE,TIME,INT BOARD,RESULT,BOARD NO,REASON,SCORE,X,Y,SIDE,FIN BOARD,SCORE BOARD,POSITIONS VISTED,DEPTH,TIME ELAPSED,
01/09/2019,21:52:59,Minimax_SYSTST.GameBoard_SYSTST`1[Minimax_SYSTST.counters],FAIL,Board 17,Board combination missed,125,1,1,NOUGHTS,Minimax_SYSTST.GameBoard_SYSTST`1[Minimax_SYSTST.counters],Minimax_SYSTST.GameBoard_SYSTST`1[System.Int32],648,0,00:00:02.4734930,
DATE,TIME,INT BOARD,RESULT,BOARD NO,REASON,SCORE,X,Y,SIDE,FIN BOARD,SCORE BOARD,POSITIONS VISTED,DEPTH,TIME ELAPSED,
01/09/2019,21:52:59,Minimax_SYSTST.GameBoard_SYSTST`1[Minimax_SYSTST.counters],FAIL,Board 17,Board combination missed,125,1,1,CROSSES,Minimax_SYSTST.GameBoard_SYSTST`1[Minimax_SYSTST.counters],Minimax_SYSTST.GameBoard_SYSTST`1[System.Int32],690,0,00:00:11.0390352,
DATE,TIME,INT BOARD,RESULT,BOARD NO,REASON,SCORE,X,Y,SIDE,FIN BOARD,SCORE BOARD,POSITIONS VISTED,DEPTH,TIME ELAPSED,
01/09/2019,21:52:59,Minimax_SYSTST.GameBoard_SYSTST`1[Minimax_SYSTST.counters],FAIL,Board 17,Board combination missed,125,1,1,NOUGHTS,Minimax_SYSTST.GameBoard_SYSTST`1[Minimax_SYSTST.counters],Minimax_SYSTST.GameBoard_SYSTST`1[System.Int32],732,0,00:00:02.6834843,
DATE,TIME,INT BOARD,RESULT,BOARD NO,REASON,SCORE,X,Y,SIDE,FIN BOARD,SCORE BOARD,POSITIONS VISTED,DEPTH,TIME ELAPSED,
01/09/2019,21:53:00,Minimax_SYSTST.GameBoard_SYSTST`1[Minimax_SYSTST.counters],FAIL,Board 17,Board combination missed,125,1,1,CROSSES,Minimax_SYSTST.GameBoard_SYSTST`1[Minimax_SYSTST.counters],Minimax_SYSTST.GameBoard_SYSTST`1[System.Int32],774,0,00:00:11.3774301,
DATE,TIME,INT BOARD,RESULT,BOARD NO,REASON,SCORE,X,Y,SIDE,FIN BOARD,SCORE BOARD,POSITIONS VISTED,DEPTH,TIME ELAPSED,
01/09/2019,21:53:00,Minimax_SYSTST.GameBoard_SYSTST`1[Minimax_SYSTST.counters],FAIL,Board 17,Board combination missed,125,1,1,NOUGHTS,Minimax_SYSTST.GameBoard_SYSTST`1[Minimax_SYSTST.counters],Minimax_SYSTST.GameBoard_SYSTST`1[System.Int32],816,0,00:00:02.9112186,
DATE,TIME,INT BOARD,RESULT,BOARD NO,REASON,SCORE,X,Y,SIDE,FIN BOARD,SCORE BOARD,POSITIONS VISTED,DEPTH,TIME ELAPSED,
01/09/2019,21:53:00,Minimax_SYSTST.GameBoard_SYSTST`1[Minimax_SYSTST.counters],FAIL,Board 17,Board combination missed,125,1,1,CROSSES,Minimax_SYSTST.GameBoard_SYSTST`1[Minimax_SYSTST.counters],Minimax_SYSTST.GameBoard_SYSTST`1[System.Int32],858,0,00:00:11.5515583,
DATE,TIME,INT BOARD,RESULT,BOARD NO,REASON,SCORE,X,Y,SIDE,FIN BOARD,SCORE BOARD,POSITIONS VISTED,DEPTH,TIME ELAPSED,
01/09/2019,21:53:01,Minimax_SYSTST.GameBoard_SYSTST`1[Minimax_SYSTST.counters],FAIL,Board 17,Board combination missed,125,1,1,NOUGHTS,Minimax_SYSTST.GameBoard_SYSTST`1[Minimax_SYSTST.counters],Minimax_SYSTST.GameBoard_SYSTST`1[System.Int32],900,0,00:00:03.2609870,
DATE,TIME,INT BOARD,RESULT,BOARD NO,REASON,SCORE,X,Y,SIDE,FIN BOARD,SCORE BOARD,POSITIONS VISTED,DEPTH,TIME ELAPSED,
01/09/2019,21:53:01,Minimax_SYSTST.GameBoard_SYSTST`1[Minimax_SYSTST.counters],FAIL,Board 17,Board combination missed,125,1,1,CROSSES,Minimax_SYSTST.GameBoard_SYSTST`1[Minimax_SYSTST.counters],Minimax_SYSTST.GameBoard_SYSTST`1[System.Int32],942,0,00:00:11.9520975,
DATE,TIME,INT BOARD,RESULT,BOARD NO,REASON,SCORE,X,Y,SIDE,FIN BOARD,SCORE BOARD,POSITIONS VISTED,DEPTH,TIME ELAPSED,
01/09/2019,21:53:01,Minimax_SYSTST.GameBoard_SYSTST`1[Minimax_SYSTST.counters],FAIL,Board 17,Board combination missed,125,1,1,NOUGHTS,Minimax_SYSTST.GameBoard_SYSTST`1[Minimax_SYSTST.counters],Minimax_SYSTST.GameBoard_SYSTST`1[System.Int32],984,0,00:00:03.5224660,
DATE,TIME,INT BOARD,RESULT,BOARD NO,REASON,SCORE,X,Y,SIDE,FIN BOARD,SCORE BOARD,POSITIONS VISTED,DEPTH,TIME ELAPSED,
01/09/2019,21:53:02,Minimax_SYSTST.GameBoard_SYSTST`1[Minimax_SYSTST.counters],FAIL,Board 17,Board combination missed,125,1,1,CROSSES,Minimax_SYSTST.GameBoard_SYSTST`1[Minimax_SYSTST.counters],Minimax_SYSTST.GameBoard_SYSTST`1[System.Int32],1026,0,00:00:12.4407332,
DATE,TIME,INT BOARD,RESULT,BOARD NO,REASON,SCORE,X,Y,SIDE,FIN BOARD,SCORE BOARD,POSITIONS VISTED,DEPTH,TIME ELAPSED,
01/09/2019,21:53:03,Minimax_SYSTST.GameBoard_SYSTST`1[Minimax_SYSTST.counters],FAIL,Board 17,Board combination missed,125,1,1,NOUGHTS,Minimax_SYSTST.GameBoard_SYSTST`1[Minimax_SYSTST.counters],Minimax_SYSTST.GameBoard_SYSTST`1[System.Int32],1068,0,00:00:04.4336180,
DATE,TIME,INT BOARD,RESULT,BOARD NO,REASON,SCORE,X,Y,SIDE,FIN BOARD,SCORE BOARD,POSITIONS VISTED,DEPTH,TIME ELAPSED,
01/09/2019,21:53:03,Minimax_SYSTST.GameBoard_SYSTST`1[Minimax_SYSTST.counters],FAIL,Board 17,Board combination missed,125,1,1,CROSSES,Minimax_SYSTST.GameBoard_SYSTST`1[Minimax_SYSTST.counters],Minimax_SYSTST.GameBoard_SYSTST`1[System.Int32],1110,0,00:00:12.6568770,
DATE,TIME,INT BOARD,RESULT,BOARD NO,REASON,SCORE,X,Y,SIDE,FIN BOARD,SCORE BOARD,POSITIONS VISTED,DEPTH,TIME ELAPSED,
01/09/2019,21:53:03,Minimax_SYSTST.GameBoard_SYSTST`1[Minimax_SYSTST.counters],FAIL,Board 17,Board combination missed,125,1,1,NOUGHTS,Minimax_SYSTST.GameBoard_SYSTST`1[Minimax_SYSTST.counters],Minimax_SYSTST.GameBoard_SYSTST`1[System.Int32],1152,0,00:00:04.7720691,
DATE,TIME,INT BOARD,RESULT,BOARD NO,REASON,SCORE,X,Y,SIDE,FIN BOARD,SCORE BOARD,POSITIONS VISTED,DEPTH,TIME ELAPSED,
01/09/2019,21:53:05,Minimax_SYSTST.GameBoard_SYSTST`1[Minimax_SYSTST.counters],FAIL,Board 17,Board combination missed,125,1,1,CROSSES,Minimax_SYSTST.GameBoard_SYSTST`1[Minimax_SYSTST.counters],Minimax_SYSTST.GameBoard_SYSTST`1[System.Int32],1194,0,00:00:13.3540172,
DATE,TIME,INT BOARD,RESULT,BOARD NO,REASON,SCORE,X,Y,SIDE,FIN BOARD,SCORE BOARD,POSITIONS VISTED,DEPTH,TIME ELAPSED,
01/09/2019,21:54:32,Minimax_SYSTST.GameBoard_SYSTST`1[Minimax_SYSTST.counters],FAIL,Board 2,Board combination missed,1000,1,3,CROSSES,Minimax_SYSTST.GameBoard_SYSTST`1[Minimax_SYSTST.counters],Minimax_SYSTST.GameBoard_SYSTST`1[System.Int32],47,0,00:00:01.0547114,
DATE,TIME,INT BOARD,RESULT,BOARD NO,REASON,SCORE,X,Y,SIDE,FIN BOARD,SCORE BOARD,POSITIONS VISTED,DEPTH,TIME ELAPSED,
01/09/2019,21:54:33,Minimax_SYSTST.GameBoard_SYSTST`1[Minimax_SYSTST.counters],FAIL,Board 4,Board combination missed,1000,4,2,CROSSES,Minimax_SYSTST.GameBoard_SYSTST`1[Minimax_SYSTST.counters],Minimax_SYSTST.GameBoard_SYSTST`1[System.Int32],94,0,00:00:01.5149760,
DATE,TIME,INT BOARD,RESULT,BOARD NO,REASON,SCORE,X,Y,SIDE,FIN BOARD,SCORE BOARD,POSITIONS VISTED,DEPTH,TIME ELAPSED,
01/09/2019,21:54:33,Minimax_SYSTST.GameBoard_SYSTST`1[Minimax_SYSTST.counters],PASS,Board 6,Board combination missed,-1000,2,2,CROSSES,Minimax_SYSTST.GameBoard_SYSTST`1[Minimax_SYSTST.counters],Minimax_SYSTST.GameBoard_SYSTST`1[System.Int32],94,0,00:00:01.6947510,
DATE,TIME,INT BOARD,RESULT,BOARD NO,REASON,SCORE,X,Y,SIDE,FIN BOARD,SCORE BOARD,POSITIONS VISTED,DEPTH,TIME ELAPSED,
01/09/2019,21:54:34,Minimax_SYSTST.GameBoard_SYSTST`1[Minimax_SYSTST.counters],FAIL,Board 6,Board combination missed,125,1,1,NOUGHTS,Minimax_SYSTST.GameBoard_SYSTST`1[Minimax_SYSTST.counters],Minimax_SYSTST.GameBoard_SYSTST`1[System.Int32],138,0,00:00:01.3455592,
DATE,TIME,INT BOARD,RESULT,BOARD NO,REASON,SCORE,X,Y,SIDE,FIN BOARD,SCORE BOARD,POSITIONS VISTED,DEPTH,TIME ELAPSED,
01/09/2019,21:54:36,Minimax_SYSTST.GameBoard_SYSTST`1[Minimax_SYSTST.counters],FAIL,Board 14,Board combination missed,1000,4,4,CROSSES,Minimax_SYSTST.GameBoard_SYSTST`1[Minimax_SYSTST.counters],Minimax_SYSTST.GameBoard_SYSTST`1[System.Int32],182,0,00:00:03.3700497,
DATE,TIME,INT BOARD,RESULT,BOARD NO,REASON,SCORE,X,Y,SIDE,FIN BOARD,SCORE BOARD,POSITIONS VISTED,DEPTH,TIME ELAPSED,
01/09/2019,21:54:37,Minimax_SYSTST.GameBoard_SYSTST`1[Minimax_SYSTST.counters],FAIL,Board 16,Board combination missed,1000,2,5,CROSSES,Minimax_SYSTST.GameBoard_SYSTST`1[Minimax_SYSTST.counters],Minimax_SYSTST.GameBoard_SYSTST`1[System.Int32],228,0,00:00:03.5846178,
DATE,TIME,INT BOARD,RESULT,BOARD NO,REASON,SCORE,X,Y,SIDE,FIN BOARD,SCORE BOARD,POSITIONS VISTED,DEPTH,TIME ELAPSED,
01/09/2019,21:54:38,Minimax_SYSTST.GameBoard_SYSTST`1[Minimax_SYSTST.counters],FAIL,Board 18,Board combination missed,1000,1,3,CROSSES,Minimax_SYSTST.GameBoard_SYSTST`1[Minimax_SYSTST.counters],Minimax_SYSTST.GameBoard_SYSTST`1[System.Int32],275,0,00:00:05.1216102,
DATE,TIME,INT BOARD,RESULT,BOARD NO,REASON,SCORE,X,Y,SIDE,FIN BOARD,SCORE BOARD,POSITIONS VISTED,DEPTH,TIME ELAPSED,
01/09/2019,21:54:39,Minimax_SYSTST.GameBoard_SYSTST`1[Minimax_SYSTST.counters],FAIL,Board 20,Board combination missed,1000,2,6,CROSSES,Minimax_SYSTST.GameBoard_SYSTST`1[Minimax_SYSTST.counters],Minimax_SYSTST.GameBoard_SYSTST`1[System.Int32],307,0,00:00:05.9143983,
DATE,TIME,INT BOARD,RESULT,BOARD NO,REASON,SCORE,X,Y,SIDE,FIN BOARD,SCORE BOARD,POSITIONS VISTED,DEPTH,TIME ELAPSED,
01/09/2019,21:58:15,Minimax_SYSTST.GameBoard_SYSTST`1[Minimax_SYSTST.counters],FAIL,Board 2,Board combination missed,1000,1,3,CROSSES,Minimax_SYSTST.GameBoard_SYSTST`1[Minimax_SYSTST.counters],Minimax_SYSTST.GameBoard_SYSTST`1[System.Int32],47,0,00:00:03.5285537,
DATE,TIME,INT BOARD,RESULT,BOARD NO,REASON,SCORE,X,Y,SIDE,FIN BOARD,SCORE BOARD,POSITIONS VISTED,DEPTH,TIME ELAPSED,
01/09/2019,21:58:17,Minimax_SYSTST.GameBoard_SYSTST`1[Minimax_SYSTST.counters],FAIL,Board 4,Board combination missed,1000,4,2,CROSSES,Minimax_SYSTST.GameBoard_SYSTST`1[Minimax_SYSTST.counters],Minimax_SYSTST.GameBoard_SYSTST`1[System.Int32],94,0,00:00:05.5040845,
DATE,TIME,INT BOARD,RESULT,BOARD NO,REASON,SCORE,X,Y,SIDE,FIN BOARD,SCORE BOARD,POSITIONS VISTED,DEPTH,TIME ELAPSED,
01/09/2019,21:58:18,Minimax_SYSTST.GameBoard_SYSTST`1[Minimax_SYSTST.counters],PASS,Board 6,Board combination missed,-1000,2,2,CROSSES,Minimax_SYSTST.GameBoard_SYSTST`1[Minimax_SYSTST.counters],Minimax_SYSTST.GameBoard_SYSTST`1[System.Int32],94,0,00:00:05.8359739,
DATE,TIME,INT BOARD,RESULT,BOARD NO,REASON,SCORE,X,Y,SIDE,FIN BOARD,SCORE BOARD,POSITIONS VISTED,DEPTH,TIME ELAPSED,
01/09/2019,21:58:19,Minimax_SYSTST.GameBoard_SYSTST`1[Minimax_SYSTST.counters],FAIL,Board 6,Board combination missed,125,1,1,NOUGHTS,Minimax_SYSTST.GameBoard_SYSTST`1[Minimax_SYSTST.counters],Minimax_SYSTST.GameBoard_SYSTST`1[System.Int32],138,0,00:00:01.4389264,
DATE,TIME,INT BOARD,RESULT,BOARD NO,REASON,SCORE,X,Y,SIDE,FIN BOARD,SCORE BOARD,POSITIONS VISTED,DEPTH,TIME ELAPSED,
01/09/2019,21:58:22,Minimax_SYSTST.GameBoard_SYSTST`1[Minimax_SYSTST.counters],FAIL,Board 14,Board combination missed,1000,4,4,CROSSES,Minimax_SYSTST.GameBoard_SYSTST`1[Minimax_SYSTST.counters],Minimax_SYSTST.GameBoard_SYSTST`1[System.Int32],182,0,00:00:08.3243747,
DATE,TIME,INT BOARD,RESULT,BOARD NO,REASON,SCORE,X,Y,SIDE,FIN BOARD,SCORE BOARD,POSITIONS VISTED,DEPTH,TIME ELAPSED,
01/09/2019,21:58:22,Minimax_SYSTST.GameBoard_SYSTST`1[Minimax_SYSTST.counters],FAIL,Board 16,Board combination missed,1000,2,5,CROSSES,Minimax_SYSTST.GameBoard_SYSTST`1[Minimax_SYSTST.counters],Minimax_SYSTST.GameBoard_SYSTST`1[System.Int32],228,0,00:00:08.6288670,
DATE,TIME,INT BOARD,RESULT,BOARD NO,REASON,SCORE,X,Y,SIDE,FIN BOARD,SCORE BOARD,POSITIONS VISTED,DEPTH,TIME ELAPSED,
01/09/2019,21:58:23,Minimax_SYSTST.GameBoard_SYSTST`1[Minimax_SYSTST.counters],FAIL,Board 18,Board combination missed,1000,1,3,CROSSES,Minimax_SYSTST.GameBoard_SYSTST`1[Minimax_SYSTST.counters],Minimax_SYSTST.GameBoard_SYSTST`1[System.Int32],275,0,00:00:09.1507663,
DATE,TIME,INT BOARD,RESULT,BOARD NO,REASON,SCORE,X,Y,SIDE,FIN BOARD,SCORE BOARD,POSITIONS VISTED,DEPTH,TIME ELAPSED,
01/09/2019,21:58:24,Minimax_SYSTST.GameBoard_SYSTST`1[Minimax_SYSTST.counters],FAIL,Board 20,Board combination missed,1000,2,6,CROSSES,Minimax_SYSTST.GameBoard_SYSTST`1[Minimax_SYSTST.counters],Minimax_SYSTST.GameBoard_SYSTST`1[System.Int32],307,0,00:00:09.3880800,
DATE,TIME,INT BOARD,RESULT,BOARD NO,REASON,SCORE,X,Y,SIDE,FIN BOARD,SCORE BOARD,POSITIONS VISTED,DEPTH,TIME ELAPSED,
01/09/2019,22:02:31,Minimax_SYSTST.GameBoard_SYSTST`1[Minimax_SYSTST.counters],FAIL,Board 2,Board combination missed,1000,1,3,CROSSES,Minimax_SYSTST.GameBoard_SYSTST`1[Minimax_SYSTST.counters],Minimax_SYSTST.GameBoard_SYSTST`1[System.Int32],1,0,00:00:05.6148945,
DATE,TIME,INT BOARD,RESULT,BOARD NO,REASON,SCORE,X,Y,SIDE,FIN BOARD,SCORE BOARD,POSITIONS VISTED,DEPTH,TIME ELAPSED,
01/09/2019,22:02:32,Minimax_SYSTST.GameBoard_SYSTST`1[Minimax_SYSTST.counters],FAIL,Board 4,Board combination missed,1000,4,2,CROSSES,Minimax_SYSTST.GameBoard_SYSTST`1[Minimax_SYSTST.counters],Minimax_SYSTST.GameBoard_SYSTST`1[System.Int32],2,0,00:00:06.1025746,
DATE,TIME,INT BOARD,RESULT,BOARD NO,REASON,SCORE,X,Y,SIDE,FIN BOARD,SCORE BOARD,POSITIONS VISTED,DEPTH,TIME ELAPSED,
01/09/2019,22:02:32,Minimax_SYSTST.GameBoard_SYSTST`1[Minimax_SYSTST.counters],PASS,Board 6,Board combination missed,-1000,2,2,CROSSES,Minimax_SYSTST.GameBoard_SYSTST`1[Minimax_SYSTST.counters],Minimax_SYSTST.GameBoard_SYSTST`1[System.Int32],2,0,00:00:06.1960661,
DATE,TIME,INT BOARD,RESULT,BOARD NO,REASON,SCORE,X,Y,SIDE,FIN BOARD,SCORE BOARD,POSITIONS VISTED,DEPTH,TIME ELAPSED,
01/09/2019,22:02:32,Minimax_SYSTST.GameBoard_SYSTST`1[Minimax_SYSTST.counters],FAIL,Board 6,Board combination missed,125,1,1,NOUGHTS,Minimax_SYSTST.GameBoard_SYSTST`1[Minimax_SYSTST.counters],Minimax_SYSTST.GameBoard_SYSTST`1[System.Int32],3,0,00:00:00.4875217,
DATE,TIME,INT BOARD,RESULT,BOARD NO,REASON,SCORE,X,Y,SIDE,FIN BOARD,SCORE BOARD,POSITIONS VISTED,DEPTH,TIME ELAPSED,
01/09/2019,22:02:35,Minimax_SYSTST.GameBoard_SYSTST`1[Minimax_SYSTST.counters],FAIL,Board 14,Board combination missed,1000,4,4,CROSSES,Minimax_SYSTST.GameBoard_SYSTST`1[Minimax_SYSTST.counters],Minimax_SYSTST.GameBoard_SYSTST`1[System.Int32],4,0,00:00:09.1283558,
DATE,TIME,INT BOARD,RESULT,BOARD NO,REASON,SCORE,X,Y,SIDE,FIN BOARD,SCORE BOARD,POSITIONS VISTED,DEPTH,TIME ELAPSED,
01/09/2019,22:02:36,Minimax_SYSTST.GameBoard_SYSTST`1[Minimax_SYSTST.counters],FAIL,Board 16,Board combination missed,1000,2,5,CROSSES,Minimax_SYSTST.GameBoard_SYSTST`1[Minimax_SYSTST.counters],Minimax_SYSTST.GameBoard_SYSTST`1[System.Int32],5,0,00:00:09.6316162,
DATE,TIME,INT BOARD,RESULT,BOARD NO,REASON,SCORE,X,Y,SIDE,FIN BOARD,SCORE BOARD,POSITIONS VISTED,DEPTH,TIME ELAPSED,
01/09/2019,22:02:37,Minimax_SYSTST.GameBoard_SYSTST`1[Minimax_SYSTST.counters],FAIL,Board 18,Board combination missed,1000,1,3,CROSSES,Minimax_SYSTST.GameBoard_SYSTST`1[Minimax_SYSTST.counters],Minimax_SYSTST.GameBoard_SYSTST`1[System.Int32],6,0,00:00:10.3011314,
DATE,TIME,INT BOARD,RESULT,BOARD NO,REASON,SCORE,X,Y,SIDE,FIN BOARD,SCORE BOARD,POSITIONS VISTED,DEPTH,TIME ELAPSED,
01/09/2019,22:02:37,Minimax_SYSTST.GameBoard_SYSTST`1[Minimax_SYSTST.counters],FAIL,Board 20,Board combination missed,1000,2,6,CROSSES,Minimax_SYSTST.GameBoard_SYSTST`1[Minimax_SYSTST.counters],Minimax_SYSTST.GameBoard_SYSTST`1[System.Int32],7,0,00:00:10.8428845,
DATE,TIME,INT BOARD,RESULT,BOARD NO,REASON,SCORE,X,Y,SIDE,FIN BOARD,SCORE BOARD,POSITIONS VISTED,DEPTH,TIME ELAPSED,
01/09/2019,22:03:24,Minimax_SYSTST.GameBoard_SYSTST`1[Minimax_SYSTST.counters],FAIL,Board 2,Board combination missed,1000,1,3,CROSSES,Minimax_SYSTST.GameBoard_SYSTST`1[Minimax_SYSTST.counters],Minimax_SYSTST.GameBoard_SYSTST`1[System.Int32],47,0,00:00:02.2553680,
DATE,TIME,INT BOARD,RESULT,BOARD NO,REASON,SCORE,X,Y,SIDE,FIN BOARD,SCORE BOARD,POSITIONS VISTED,DEPTH,TIME ELAPSED,
01/09/2019,22:03:26,Minimax_SYSTST.GameBoard_SYSTST`1[Minimax_SYSTST.counters],FAIL,Board 4,Board combination missed,1000,4,2,CROSSES,Minimax_SYSTST.GameBoard_SYSTST`1[Minimax_SYSTST.counters],Minimax_SYSTST.GameBoard_SYSTST`1[System.Int32],94,0,00:00:04.0195228,
DATE,TIME,INT BOARD,RESULT,BOARD NO,REASON,SCORE,X,Y,SIDE,FIN BOARD,SCORE BOARD,POSITIONS VISTED,DEPTH,TIME ELAPSED,
01/09/2019,22:03:26,Minimax_SYSTST.GameBoard_SYSTST`1[Minimax_SYSTST.counters],PASS,Board 6,Board combination missed,-1000,2,2,CROSSES,Minimax_SYSTST.GameBoard_SYSTST`1[Minimax_SYSTST.counters],Minimax_SYSTST.GameBoard_SYSTST`1[System.Int32],94,0,00:00:04.2705678,
DATE,TIME,INT BOARD,RESULT,BOARD NO,REASON,SCORE,X,Y,SIDE,FIN BOARD,SCORE BOARD,POSITIONS VISTED,DEPTH,TIME ELAPSED,
01/09/2019,22:03:27,Minimax_SYSTST.GameBoard_SYSTST`1[Minimax_SYSTST.counters],FAIL,Board 6,Board combination missed,125,1,1,NOUGHTS,Minimax_SYSTST.GameBoard_SYSTST`1[Minimax_SYSTST.counters],Minimax_SYSTST.GameBoard_SYSTST`1[System.Int32],138,0,00:00:00.3426177,
DATE,TIME,INT BOARD,RESULT,BOARD NO,REASON,SCORE,X,Y,SIDE,FIN BOARD,SCORE BOARD,POSITIONS VISTED,DEPTH,TIME ELAPSED,
01/09/2019,22:03:28,Minimax_SYSTST.GameBoard_SYSTST`1[Minimax_SYSTST.counters],FAIL,Board 14,Board combination missed,1000,4,4,CROSSES,Minimax_SYSTST.GameBoard_SYSTST`1[Minimax_SYSTST.counters],Minimax_SYSTST.GameBoard_SYSTST`1[System.Int32],182,0,00:00:05.8337923,
DATE,TIME,INT BOARD,RESULT,BOARD NO,REASON,SCORE,X,Y,SIDE,FIN BOARD,SCORE BOARD,POSITIONS VISTED,DEPTH,TIME ELAPSED,
01/09/2019,22:03:28,Minimax_SYSTST.GameBoard_SYSTST`1[Minimax_SYSTST.counters],FAIL,Board 16,Board combination missed,1000,2,5,CROSSES,Minimax_SYSTST.GameBoard_SYSTST`1[Minimax_SYSTST.counters],Minimax_SYSTST.GameBoard_SYSTST`1[System.Int32],228,0,00:00:06.0243926,
DATE,TIME,INT BOARD,RESULT,BOARD NO,REASON,SCORE,X,Y,SIDE,FIN BOARD,SCORE BOARD,POSITIONS VISTED,DEPTH,TIME ELAPSED,
01/09/2019,22:03:29,Minimax_SYSTST.GameBoard_SYSTST`1[Minimax_SYSTST.counters],FAIL,Board 18,Board combination missed,1000,1,3,CROSSES,Minimax_SYSTST.GameBoard_SYSTST`1[Minimax_SYSTST.counters],Minimax_SYSTST.GameBoard_SYSTST`1[System.Int32],275,0,00:00:06.6108305,
DATE,TIME,INT BOARD,RESULT,BOARD NO,REASON,SCORE,X,Y,SIDE,FIN BOARD,SCORE BOARD,POSITIONS VISTED,DEPTH,TIME ELAPSED,
01/09/2019,22:03:30,Minimax_SYSTST.GameBoard_SYSTST`1[Minimax_SYSTST.counters],FAIL,Board 20,Board combination missed,1000,2,6,CROSSES,Minimax_SYSTST.GameBoard_SYSTST`1[Minimax_SYSTST.counters],Minimax_SYSTST.GameBoard_SYSTST`1[System.Int32],307,0,00:00:07.0315712,
DATE,TIME,INT BOARD,RESULT,BOARD NO,REASON,SCORE,X,Y,SIDE,FIN BOARD,SCORE BOARD,POSITIONS VISTED,DEPTH,TIME ELAPSED,
01/09/2019,22:05:19,Minimax_SYSTST.GameBoard_SYSTST`1[Minimax_SYSTST.counters],FAIL,Board 2,Board combination missed,1000,1,3,CROSSES,Minimax_SYSTST.GameBoard_SYSTST`1[Minimax_SYSTST.counters],Minimax_SYSTST.GameBoard_SYSTST`1[System.Int32],47,0,00:00:01.2492354,
DATE,TIME,INT BOARD,RESULT,BOARD NO,REASON,SCORE,X,Y,SIDE,FIN BOARD,SCORE BOARD,POSITIONS VISTED,DEPTH,TIME ELAPSED,
01/09/2019,22:05:21,Minimax_SYSTST.GameBoard_SYSTST`1[Minimax_SYSTST.counters],FAIL,Board 4,Board combination missed,1000,4,2,CROSSES,Minimax_SYSTST.GameBoard_SYSTST`1[Minimax_SYSTST.counters],Minimax_SYSTST.GameBoard_SYSTST`1[System.Int32],94,0,00:00:02.7824010,
DATE,TIME,INT BOARD,RESULT,BOARD NO,REASON,SCORE,X,Y,SIDE,FIN BOARD,SCORE BOARD,POSITIONS VISTED,DEPTH,TIME ELAPSED,
01/09/2019,22:05:21,Minimax_SYSTST.GameBoard_SYSTST`1[Minimax_SYSTST.counters],PASS,Board 6,Board combination missed,-1000,2,2,CROSSES,Minimax_SYSTST.GameBoard_SYSTST`1[Minimax_SYSTST.counters],Minimax_SYSTST.GameBoard_SYSTST`1[System.Int32],94,0,00:00:02.8734755,
DATE,TIME,INT BOARD,RESULT,BOARD NO,REASON,SCORE,X,Y,SIDE,FIN BOARD,SCORE BOARD,POSITIONS VISTED,DEPTH,TIME ELAPSED,
01/09/2019,22:05:21,Minimax_SYSTST.GameBoard_SYSTST`1[Minimax_SYSTST.counters],FAIL,Board 6,Board combination missed,125,1,1,NOUGHTS,Minimax_SYSTST.GameBoard_SYSTST`1[Minimax_SYSTST.counters],Minimax_SYSTST.GameBoard_SYSTST`1[System.Int32],138,0,00:00:00.4048664,
DATE,TIME,INT BOARD,RESULT,BOARD NO,REASON,SCORE,X,Y,SIDE,FIN BOARD,SCORE BOARD,POSITIONS VISTED,DEPTH,TIME ELAPSED,
01/09/2019,22:05:25,Minimax_SYSTST.GameBoard_SYSTST`1[Minimax_SYSTST.counters],FAIL,Board 14,Board combination missed,1000,4,4,CROSSES,Minimax_SYSTST.GameBoard_SYSTST`1[Minimax_SYSTST.counters],Minimax_SYSTST.GameBoard_SYSTST`1[System.Int32],182,0,00:00:06.8374498,
DATE,TIME,INT BOARD,RESULT,BOARD NO,REASON,SCORE,X,Y,SIDE,FIN BOARD,SCORE BOARD,POSITIONS VISTED,DEPTH,TIME ELAPSED,
01/09/2019,22:05:26,Minimax_SYSTST.GameBoard_SYSTST`1[Minimax_SYSTST.counters],FAIL,Board 16,Board combination missed,1000,2,5,CROSSES,Minimax_SYSTST.GameBoard_SYSTST`1[Minimax_SYSTST.counters],Minimax_SYSTST.GameBoard_SYSTST`1[System.Int32],228,0,00:00:07.2819276,
DATE,TIME,INT BOARD,RESULT,BOARD NO,REASON,SCORE,X,Y,SIDE,FIN BOARD,SCORE BOARD,POSITIONS VISTED,DEPTH,TIME ELAPSED,
01/09/2019,22:05:27,Minimax_SYSTST.GameBoard_SYSTST`1[Minimax_SYSTST.counters],FAIL,Board 18,Board combination missed,1000,1,3,CROSSES,Minimax_SYSTST.GameBoard_SYSTST`1[Minimax_SYSTST.counters],Minimax_SYSTST.GameBoard_SYSTST`1[System.Int32],275,0,00:00:08.1446804,
DATE,TIME,INT BOARD,RESULT,BOARD NO,REASON,SCORE,X,Y,SIDE,FIN BOARD,SCORE BOARD,POSITIONS VISTED,DEPTH,TIME ELAPSED,
01/09/2019,22:05:27,Minimax_SYSTST.GameBoard_SYSTST`1[Minimax_SYSTST.counters],FAIL,Board 20,Board combination missed,1000,2,6,CROSSES,Minimax_SYSTST.GameBoard_SYSTST`1[Minimax_SYSTST.counters],Minimax_SYSTST.GameBoard_SYSTST`1[System.Int32],307,0,00:00:08.2935214,
DATE,TIME,INT BOARD,RESULT,BOARD NO,REASON,SCORE,X,Y,SIDE,FIN BOARD,SCORE BOARD,POSITIONS VISTED,DEPTH,TIME ELAPSED,
02/09/2019,20:29:26,Minimax_SYSTST.GameBoard_SYSTST`1[Minimax_SYSTST.counters],FAIL,Board 2,Board combination missed,1000,1,3,CROSSES,Minimax_SYSTST.GameBoard_SYSTST`1[Minimax_SYSTST.counters],Minimax_SYSTST.GameBoard_SYSTST`1[System.Int32],47,0,00:00:02.7294236,
DATE,TIME,INT BOARD,RESULT,BOARD NO,REASON,SCORE,X,Y,SIDE,FIN BOARD,SCORE BOARD,POSITIONS VISTED,DEPTH,TIME ELAPSED,
02/09/2019,20:29:28,Minimax_SYSTST.GameBoard_SYSTST`1[Minimax_SYSTST.counters],FAIL,Board 4,Board combination missed,1000,4,2,CROSSES,Minimax_SYSTST.GameBoard_SYSTST`1[Minimax_SYSTST.counters],Minimax_SYSTST.GameBoard_SYSTST`1[System.Int32],94,0,00:00:04.9312792,
DATE,TIME,INT BOARD,RESULT,BOARD NO,REASON,SCORE,X,Y,SIDE,FIN BOARD,SCORE BOARD,POSITIONS VISTED,DEPTH,TIME ELAPSED,
02/09/2019,20:29:29,Minimax_SYSTST.GameBoard_SYSTST`1[Minimax_SYSTST.counters],PASS,Board 6,Board combination missed,-1000,2,2,CROSSES,Minimax_SYSTST.GameBoard_SYSTST`1[Minimax_SYSTST.counters],Minimax_SYSTST.GameBoard_SYSTST`1[System.Int32],94,0,00:00:05.1946950,
DATE,TIME,INT BOARD,RESULT,BOARD NO,REASON,SCORE,X,Y,SIDE,FIN BOARD,SCORE BOARD,POSITIONS VISTED,DEPTH,TIME ELAPSED,
02/09/2019,20:29:30,Minimax_SYSTST.GameBoard_SYSTST`1[Minimax_SYSTST.counters],FAIL,Board 6,Board combination missed,125,1,1,NOUGHTS,Minimax_SYSTST.GameBoard_SYSTST`1[Minimax_SYSTST.counters],Minimax_SYSTST.GameBoard_SYSTST`1[System.Int32],138,0,00:00:01.6681234,
DATE,TIME,INT BOARD,RESULT,BOARD NO,REASON,SCORE,X,Y,SIDE,FIN BOARD,SCORE BOARD,POSITIONS VISTED,DEPTH,TIME ELAPSED,
02/09/2019,20:29:35,Minimax_SYSTST.GameBoard_SYSTST`1[Minimax_SYSTST.counters],FAIL,Board 14,Board combination missed,1000,4,4,CROSSES,Minimax_SYSTST.GameBoard_SYSTST`1[Minimax_SYSTST.counters],Minimax_SYSTST.GameBoard_SYSTST`1[System.Int32],182,0,00:00:09.6695984,
DATE,TIME,INT BOARD,RESULT,BOARD NO,REASON,SCORE,X,Y,SIDE,FIN BOARD,SCORE BOARD,POSITIONS VISTED,DEPTH,TIME ELAPSED,
02/09/2019,20:29:36,Minimax_SYSTST.GameBoard_SYSTST`1[Minimax_SYSTST.counters],FAIL,Board 16,Board combination missed,1000,2,5,CROSSES,Minimax_SYSTST.GameBoard_SYSTST`1[Minimax_SYSTST.counters],Minimax_SYSTST.GameBoard_SYSTST`1[System.Int32],228,0,00:00:11.1178259,
DATE,TIME,INT BOARD,RESULT,BOARD NO,REASON,SCORE,X,Y,SIDE,FIN BOARD,SCORE BOARD,POSITIONS VISTED,DEPTH,TIME ELAPSED,
02/09/2019,20:29:38,Minimax_SYSTST.GameBoard_SYSTST`1[Minimax_SYSTST.counters],FAIL,Board 18,Board combination missed,1000,1,3,CROSSES,Minimax_SYSTST.GameBoard_SYSTST`1[Minimax_SYSTST.counters],Minimax_SYSTST.GameBoard_SYSTST`1[System.Int32],275,0,00:00:12.4902085,
DATE,TIME,INT BOARD,RESULT,BOARD NO,REASON,SCORE,X,Y,SIDE,FIN BOARD,SCORE BOARD,POSITIONS VISTED,DEPTH,TIME ELAPSED,
02/09/2019,20:29:39,Minimax_SYSTST.GameBoard_SYSTST`1[Minimax_SYSTST.counters],FAIL,Board 20,Board combination missed,1000,2,6,CROSSES,Minimax_SYSTST.GameBoard_SYSTST`1[Minimax_SYSTST.counters],Minimax_SYSTST.GameBoard_SYSTST`1[System.Int32],307,0,00:00:13.4617140,
DATE,TIME,INT BOARD,RESULT,BOARD NO,REASON,SCORE,X,Y,SIDE,FIN BOARD,SCORE BOARD,POSITIONS VISTED,DEPTH,TIME ELAPSED,
02/09/2019,20:33:01,Minimax_SYSTST.GameBoard_SYSTST`1[Minimax_SYSTST.counters],FAIL,Board 2,Board combination missed,1000,1,3,CROSSES,Minimax_SYSTST.GameBoard_SYSTST`1[Minimax_SYSTST.counters],Minimax_SYSTST.GameBoard_SYSTST`1[System.Int32],47,0,00:00:03.6422056,
DATE,TIME,INT BOARD,RESULT,BOARD NO,REASON,SCORE,X,Y,SIDE,FIN BOARD,SCORE BOARD,POSITIONS VISTED,DEPTH,TIME ELAPSED,
02/09/2019,20:33:01,Minimax_SYSTST.GameBoard_SYSTST`1[Minimax_SYSTST.counters],FAIL,Board 4,Board combination missed,1000,4,2,CROSSES,Minimax_SYSTST.GameBoard_SYSTST`1[Minimax_SYSTST.counters],Minimax_SYSTST.GameBoard_SYSTST`1[System.Int32],94,0,00:00:04.0726495,
DATE,TIME,INT BOARD,RESULT,BOARD NO,REASON,SCORE,X,Y,SIDE,FIN BOARD,SCORE BOARD,POSITIONS VISTED,DEPTH,TIME ELAPSED,
02/09/2019,20:33:01,Minimax_SYSTST.GameBoard_SYSTST`1[Minimax_SYSTST.counters],PASS,Board 6,Board combination missed,-1000,2,2,CROSSES,Minimax_SYSTST.GameBoard_SYSTST`1[Minimax_SYSTST.counters],Minimax_SYSTST.GameBoard_SYSTST`1[System.Int32],94,0,00:00:04.1567080,
DATE,TIME,INT BOARD,RESULT,BOARD NO,REASON,SCORE,X,Y,SIDE,FIN BOARD,SCORE BOARD,POSITIONS VISTED,DEPTH,TIME ELAPSED,
02/09/2019,20:33:02,Minimax_SYSTST.GameBoard_SYSTST`1[Minimax_SYSTST.counters],FAIL,Board 6,Board combination missed,125,1,1,NOUGHTS,Minimax_SYSTST.GameBoard_SYSTST`1[Minimax_SYSTST.counters],Minimax_SYSTST.GameBoard_SYSTST`1[System.Int32],138,0,00:00:00.4960902,
DATE,TIME,INT BOARD,RESULT,BOARD NO,REASON,SCORE,X,Y,SIDE,FIN BOARD,SCORE BOARD,POSITIONS VISTED,DEPTH,TIME ELAPSED,
02/09/2019,20:33:08,Minimax_SYSTST.GameBoard_SYSTST`1[Minimax_SYSTST.counters],FAIL,Board 14,Board combination missed,1000,4,4,CROSSES,Minimax_SYSTST.GameBoard_SYSTST`1[Minimax_SYSTST.counters],Minimax_SYSTST.GameBoard_SYSTST`1[System.Int32],182,0,00:00:09.8733460,
DATE,TIME,INT BOARD,RESULT,BOARD NO,REASON,SCORE,X,Y,SIDE,FIN BOARD,SCORE BOARD,POSITIONS VISTED,DEPTH,TIME ELAPSED,
02/09/2019,20:33:10,Minimax_SYSTST.GameBoard_SYSTST`1[Minimax_SYSTST.counters],FAIL,Board 16,Board combination missed,1000,2,5,CROSSES,Minimax_SYSTST.GameBoard_SYSTST`1[Minimax_SYSTST.counters],Minimax_SYSTST.GameBoard_SYSTST`1[System.Int32],228,0,00:00:11.7118876,
DATE,TIME,INT BOARD,RESULT,BOARD NO,REASON,SCORE,X,Y,SIDE,FIN BOARD,SCORE BOARD,POSITIONS VISTED,DEPTH,TIME ELAPSED,
02/09/2019,20:33:18,Minimax_SYSTST.GameBoard_SYSTST`1[Minimax_SYSTST.counters],FAIL,Board 18,Board combination missed,1000,1,3,CROSSES,Minimax_SYSTST.GameBoard_SYSTST`1[Minimax_SYSTST.counters],Minimax_SYSTST.GameBoard_SYSTST`1[System.Int32],275,0,00:00:19.7155655,
DATE,TIME,INT BOARD,RESULT,BOARD NO,REASON,SCORE,X,Y,SIDE,FIN BOARD,SCORE BOARD,POSITIONS VISTED,DEPTH,TIME ELAPSED,
02/09/2019,20:33:21,Minimax_SYSTST.GameBoard_SYSTST`1[Minimax_SYSTST.counters],FAIL,Board 20,Board combination missed,1000,2,6,CROSSES,Minimax_SYSTST.GameBoard_SYSTST`1[Minimax_SYSTST.counters],Minimax_SYSTST.GameBoard_SYSTST`1[System.Int32],307,0,00:00:22.5216214,
DATE,TIME,INT BOARD,RESULT,BOARD NO,REASON,SCORE,X,Y,SIDE,FIN BOARD,SCORE BOARD,POSITIONS VISTED,DEPTH,TIME ELAPSED,
02/09/2019,20:36:57,Minimax_SYSTST.GameBoard_SYSTST`1[Minimax_SYSTST.counters],FAIL,Board 1,Board combination missed,10,4,4,CROSSES,Minimax_SYSTST.GameBoard_SYSTST`1[Minimax_SYSTST.counters],Minimax_SYSTST.GameBoard_SYSTST`1[System.Int32],47,0,00:00:01.3516602,
DATE,TIME,INT BOARD,RESULT,BOARD NO,REASON,SCORE,X,Y,SIDE,FIN BOARD,SCORE BOARD,POSITIONS VISTED,DEPTH,TIME ELAPSED,
02/09/2019,20:36:59,Minimax_SYSTST.GameBoard_SYSTST`1[Minimax_SYSTST.counters],FAIL,Board 1,Board combination missed,125,1,3,NOUGHTS,Minimax_SYSTST.GameBoard_SYSTST`1[Minimax_SYSTST.counters],Minimax_SYSTST.GameBoard_SYSTST`1[System.Int32],94,0,00:00:01.8023161,
DATE,TIME,INT BOARD,RESULT,BOARD NO,REASON,SCORE,X,Y,SIDE,FIN BOARD,SCORE BOARD,POSITIONS VISTED,DEPTH,TIME ELAPSED,
02/09/2019,20:38:33,Minimax_SYSTST.GameBoard_SYSTST`1[Minimax_SYSTST.counters],FAIL,Board 1,Board combination missed,10,4,4,CROSSES,Minimax_SYSTST.GameBoard_SYSTST`1[Minimax_SYSTST.counters],Minimax_SYSTST.GameBoard_SYSTST`1[System.Int32],47,0,00:00:03.2519487,
DATE,TIME,INT BOARD,RESULT,BOARD NO,REASON,SCORE,X,Y,SIDE,FIN BOARD,SCORE BOARD,POSITIONS VISTED,DEPTH,TIME ELAPSED,
02/09/2019,20:49:55,Minimax_SYSTST.GameBoard_SYSTST`1[Minimax_SYSTST.counters],FAIL,Board 2,Board combination missed,1000,1,3,CROSSES,Minimax_SYSTST.GameBoard_SYSTST`1[Minimax_SYSTST.counters],Minimax_SYSTST.GameBoard_SYSTST`1[System.Int32],47,0,00:00:02.4954314,
DATE,TIME,INT BOARD,RESULT,BOARD NO,REASON,SCORE,X,Y,SIDE,FIN BOARD,SCORE BOARD,POSITIONS VISTED,DEPTH,TIME ELAPSED,
02/09/2019,20:50:07,Minimax_SYSTST.GameBoard_SYSTST`1[Minimax_SYSTST.counters],FAIL,Board 4,Board combination missed,1000,4,2,CROSSES,Minimax_SYSTST.GameBoard_SYSTST`1[Minimax_SYSTST.counters],Minimax_SYSTST.GameBoard_SYSTST`1[System.Int32],94,0,00:00:13.6857378,
DATE,TIME,INT BOARD,RESULT,BOARD NO,REASON,SCORE,X,Y,SIDE,FIN BOARD,SCORE BOARD,POSITIONS VISTED,DEPTH,TIME ELAPSED,
02/09/2019,20:50:11,Minimax_SYSTST.GameBoard_SYSTST`1[Minimax_SYSTST.counters],PASS,Board 6,Board combination missed,-1000,2,2,CROSSES,Minimax_SYSTST.GameBoard_SYSTST`1[Minimax_SYSTST.counters],Minimax_SYSTST.GameBoard_SYSTST`1[System.Int32],94,0,00:00:16.3766720,
DATE,TIME,INT BOARD,RESULT,BOARD NO,REASON,SCORE,X,Y,SIDE,FIN BOARD,SCORE BOARD,POSITIONS VISTED,DEPTH,TIME ELAPSED,
02/09/2019,20:50:17,Minimax_SYSTST.GameBoard_SYSTST`1[Minimax_SYSTST.counters],FAIL,Board 6,Board combination missed,125,1,1,NOUGHTS,Minimax_SYSTST.GameBoard_SYSTST`1[Minimax_SYSTST.counters],Minimax_SYSTST.GameBoard_SYSTST`1[System.Int32],138,0,00:00:01.6968263,
DATE,TIME,INT BOARD,RESULT,BOARD NO,REASON,SCORE,X,Y,SIDE,FIN BOARD,SCORE BOARD,POSITIONS VISTED,DEPTH,TIME ELAPSED,
02/09/2019,20:50:33,Minimax_SYSTST.GameBoard_SYSTST`1[Minimax_SYSTST.counters],FAIL,Board 14,Board combination missed,1000,4,4,CROSSES,Minimax_SYSTST.GameBoard_SYSTST`1[Minimax_SYSTST.counters],Minimax_SYSTST.GameBoard_SYSTST`1[System.Int32],182,0,00:00:30.1309131,
DATE,TIME,INT BOARD,RESULT,BOARD NO,REASON,SCORE,X,Y,SIDE,FIN BOARD,SCORE BOARD,POSITIONS VISTED,DEPTH,TIME ELAPSED,
02/09/2019,20:50:36,Minimax_SYSTST.GameBoard_SYSTST`1[Minimax_SYSTST.counters],FAIL,Board 16,Board combination missed,1000,2,5,CROSSES,Minimax_SYSTST.GameBoard_SYSTST`1[Minimax_SYSTST.counters],Minimax_SYSTST.GameBoard_SYSTST`1[System.Int32],228,0,00:00:32.5536591,
DATE,TIME,INT BOARD,RESULT,BOARD NO,REASON,SCORE,X,Y,SIDE,FIN BOARD,SCORE BOARD,POSITIONS VISTED,DEPTH,TIME ELAPSED,
02/09/2019,20:50:39,Minimax_SYSTST.GameBoard_SYSTST`1[Minimax_SYSTST.counters],FAIL,Board 18,Board combination missed,1000,1,3,CROSSES,Minimax_SYSTST.GameBoard_SYSTST`1[Minimax_SYSTST.counters],Minimax_SYSTST.GameBoard_SYSTST`1[System.Int32],275,0,00:00:36.0552374,
DATE,TIME,INT BOARD,RESULT,BOARD NO,REASON,SCORE,X,Y,SIDE,FIN BOARD,SCORE BOARD,POSITIONS VISTED,DEPTH,TIME ELAPSED,
02/09/2019,20:50:49,Minimax_SYSTST.GameBoard_SYSTST`1[Minimax_SYSTST.counters],FAIL,Board 20,Board combination missed,1000,2,6,CROSSES,Minimax_SYSTST.GameBoard_SYSTST`1[Minimax_SYSTST.counters],Minimax_SYSTST.GameBoard_SYSTST`1[System.Int32],307,0,00:00:45.2095385,
DATE,TIME,INT BOARD,RESULT,BOARD NO,REASON,SCORE,X,Y,SIDE,FIN BOARD,SCORE BOARD,POSITIONS VISTED,DEPTH,TIME ELAPSED,
02/09/2019,20:54:24,Minimax_SYSTST.GameBoard_SYSTST`1[Minimax_SYSTST.counters],FAIL,Board 2,Board combination missed,1000,1,3,CROSSES,Minimax_SYSTST.GameBoard_SYSTST`1[Minimax_SYSTST.counters],Minimax_SYSTST.GameBoard_SYSTST`1[System.Int32],47,0,00:00:02.8988705,
